{
  "listId": "c57b91f0-fe13-4857-810a-18f6a4091ca0",
  "name": "Hub-List",
  "type": "site",
  "description": "Desc Not Required",
  "entries": [
    {
      "siteId": "500"
    }
  ],
  "lastUpdated": 1597909523927,
  "owner": "admin",
  "readOnly": false,
  "version": "0",
  "infoTag": "",
  "referenceCount": 3,
  "references": [
    {
      "id": "48c07fbb-064b-41e7-9c9f-14fdcad2f756",
      "type": ""
    },
    {
      "id": "764db7b3-ae93-482c-a156-8a0e24f8cde0",
      "type": "mesh"
    },
    {
      "id": "d0a06942-3ef4-4fab-98c0-8a1d98b61b01",
      "type": "hubAndSpoke"
    }
  ],
  "activatedId": [
    "48c07fbb-064b-41e7-9c9f-14fdcad2f756"
  ],
  "isActivatedByVsmart": true
}