{
  "templateType": "security-vedge",
  "templateMinVersion": "15.0.0",
  "deviceType": [
    "vedge-100",
    "vedge-100-M",
    "vedge-100-WM",
    "vedge-100-B",
    "vedge-1000",
    "vedge-2000",
    "vedge-5000",
    "vedge-ISR1100-4G",
    "vedge-ISR1100-4GLTE",
    "vedge-ISR1100-6G",
    "vedge-cloud",
    "vedge-CSR-1000v",
    "vedge-IR-1101",
    "vedge-ISR-4331",
    "vedge-ISR-4321",
    "vedge-ISR-4351",
    "vedge-ISR-4221",
    "vedge-ISR-4221X",
    "vedge-ISR-4431",
    "vedge-ISR-4451-X",
    "vedge-ASR-1001-HX",
    "vedge-ASR-1002-X",
    "vedge-ASR-1002-HX",
    "vedge-C1111-8P",
    "vedge-C1111X-8P",
    "vedge-C1111-8PLTEEA",
    "vedge-C1111-8PLTELA",
    "vedge-C1117-4PLTEEA",
    "vedge-C1127X-8PMLTEP",
    "vedge-C1117-4PLTELA",
    "vedge-ISRv",
    "vedge-ASR-1001-X",
    "vedge-C1101-4P",
    "vedge-C1101-4PLTEP",
    "vedge-C1111-4P",
    "vedge-C1111-8PW",
    "vedge-C1111-8PLTEEAW",
    "vedge-C1111-4PLTEEA",
    "vedge-C1111-4PLTELA",
    "vedge-C1116-4P",
    "vedge-C1116-4PLTEEA",
    "vedge-C1117-4P",
    "vedge-C1117-4PM",
    "vedge-C1117-4PMLTEEA",
    "vedge-ISR-4461",
    "vedge-C1161X-8P",
    "vedge-C1127X-8PMLTEP",
    "vedge-C1121-8PLTEPW",
    "vedge-C1111-8PLTELAW",
    "vedge-C1126X-8PLTEP",
    "vedge-C1127X-8PLTEP",
    "vedge-C1101-4PLTEPW",
    "vedge-C1109-4PLTE2PW",
    "vedge-C1109-4PLTE2P",
    "vedge-C1121X-8PLTEP",
    "vedge-C1161X-8PLTEP",
    "vedge-C1113-8PMLTEEA",
    "vedge-C1121X-8P"
  ],
  "lastUpdatedBy": "system",
  "editedTemplateDefinition": {
    "ipsec": {
      "rekey": {
        "vipObjectType": "object",
        "vipValue": 86400,
        "vipType": "ignore"
      },
      "replay-window": {
        "vipObjectType": "object",
        "vipValue": 512,
        "vipType": "ignore"
      },
      "authentication-type": {
        "vipType": "constant",
        "vipValue": [
          "sha1-hmac",
          "ah-sha1-hmac"
        ],
        "vipObjectType": "list"
      }
    }
  },
  "templateDefinition": {
    "ipsec": {
      "rekey": {
        "vipObjectType": "object",
        "vipValue": 86400,
        "vipType": "ignore"
      },
      "replay-window": {
        "vipObjectType": "object",
        "vipValue": 512,
        "vipType": "ignore"
      },
      "authentication-type": {
        "vipType": "constant",
        "vipValue": [
          "sha1-hmac",
          "ah-sha1-hmac"
        ],
        "vipObjectType": "list"
      }
    }
  },
  "templateId": "3ec2abe8-8295-4948-a68d-26e37618a651",
  "attachedMastersCount": 1,
  "configType": "xml",
  "createdOn": 1597898804546,
  "@rid": 145,
  "feature": "vmanage-default",
  "factoryDefault": true,
  "templateName": "Factory_Default_vEdge_Security_Template",
  "createdBy": "system",
  "devicesAttached": 3,
  "templateDescription": "Default Security template settings for vEdge",
  "lastUpdatedOn": 1597898804546
}