{
  "templateType": "system-vsmart",
  "templateMinVersion": "15.0.0",
  "deviceType": [
    "vmanage",
    "vsmart"
  ],
  "lastUpdatedBy": "system",
  "editedTemplateDefinition": {
    "clock": {
      "timezone": {
        "vipObjectType": "object",
        "vipValue": "America/Los_Angeles",
        "vipType": "ignore"
      }
    },
    "gps-location": {
      "latitude": {
        "vipObjectType": "object",
        "vipType": "ignore"
      },
      "longitude": {
        "vipObjectType": "object",
        "vipType": "ignore"
      }
    },
    "timer": {
      "dns-cache-timeout": {
        "vipObjectType": "object",
        "vipValue": 30,
        "vipType": "ignore"
      }
    },
    "location": {
      "vipObjectType": "object",
      "vipType": "ignore"
    },
    "system-tunnel-mtu": {
      "vipObjectType": "object",
      "vipValue": 1024,
      "vipType": "ignore"
    },
    "track-transport": {
      "vipObjectType": "object",
      "vipValue": "true",
      "vipType": "ignore"
    },
    "port-offset": {
      "vipObjectType": "object",
      "vipValue": 0,
      "vipType": "ignore"
    },
    "port-hop": {
      "vipObjectType": "object",
      "vipValue": "true",
      "vipType": "ignore"
    },
    "control-session-pps": {
      "vipObjectType": "object",
      "vipValue": 300,
      "vipType": "ignore"
    },
    "description": {
      "vipObjectType": "object",
      "vipType": "ignore"
    },
    "device-groups": {
      "vipObjectType": "list",
      "vipType": "ignore"
    },
    "site-id": {
      "vipObjectType": "object",
      "vipType": "variable",
      "vipValue": ""
    },
    "system-ip": {
      "vipObjectType": "object",
      "vipType": "variable",
      "vipValue": ""
    },
    "host-name": {
      "vipObjectType": "object",
      "vipType": "variable",
      "vipValue": ""
    },
    "track-default-gateway": {
      "vipObjectType": "object",
      "vipValue": "true",
      "vipType": "ignore"
    },
    "host-policer-pps": {},
    "icmp-error-pps": {}
  },
  "templateDefinition": {
    "clock": {
      "timezone": {
        "vipObjectType": "object",
        "vipValue": "America/Los_Angeles",
        "vipType": "ignore"
      }
    },
    "gps-location": {
      "latitude": {
        "vipObjectType": "object",
        "vipType": "ignore"
      },
      "longitude": {
        "vipObjectType": "object",
        "vipType": "ignore"
      }
    },
    "timer": {
      "dns-cache-timeout": {
        "vipObjectType": "object",
        "vipValue": 30,
        "vipType": "ignore"
      }
    },
    "location": {
      "vipObjectType": "object",
      "vipType": "ignore"
    },
    "system-tunnel-mtu": {
      "vipObjectType": "object",
      "vipValue": 1024,
      "vipType": "ignore"
    },
    "track-transport": {
      "vipObjectType": "object",
      "vipValue": "true",
      "vipType": "ignore"
    },
    "port-offset": {
      "vipObjectType": "object",
      "vipValue": 0,
      "vipType": "ignore"
    },
    "port-hop": {
      "vipObjectType": "object",
      "vipValue": "true",
      "vipType": "ignore"
    },
    "control-session-pps": {
      "vipObjectType": "object",
      "vipValue": 300,
      "vipType": "ignore"
    },
    "description": {
      "vipObjectType": "object",
      "vipType": "ignore"
    },
    "device-groups": {
      "vipObjectType": "list",
      "vipType": "ignore"
    },
    "site-id": {
      "vipObjectType": "object",
      "vipType": "variable",
      "vipValue": ""
    },
    "system-ip": {
      "vipObjectType": "object",
      "vipType": "variable",
      "vipValue": ""
    },
    "host-name": {
      "vipObjectType": "object",
      "vipType": "variable",
      "vipValue": ""
    },
    "track-default-gateway": {
      "vipObjectType": "object",
      "vipValue": "true",
      "vipType": "ignore"
    },
    "host-policer-pps": {},
    "icmp-error-pps": {}
  },
  "templateId": "4e30e742-2d82-4dd0-9366-b496175cc476",
  "attachedMastersCount": 0,
  "configType": "xml",
  "createdOn": 1597898805696,
  "@rid": 152,
  "feature": "vmanage-default",
  "factoryDefault": true,
  "templateName": "Factory_Default_vSmart_vManage_System_Template",
  "createdBy": "system",
  "devicesAttached": 0,
  "templateDescription": "Default System template settings for vSmart and vManage",
  "lastUpdatedOn": 1597898805696
}