{
  "templateType": "security-vsmart",
  "templateMinVersion": "15.0.0",
  "deviceType": [
    "vmanage",
    "vsmart"
  ],
  "lastUpdatedBy": "system",
  "editedTemplateDefinition": {
    "control": {
      "protocol": {
        "vipObjectType": "object",
        "vipType": "ignore",
        "vipValue": "dtls"
      }
    }
  },
  "templateDefinition": {
    "control": {
      "protocol": {
        "vipObjectType": "object",
        "vipType": "ignore",
        "vipValue": "dtls"
      }
    }
  },
  "templateId": "8c551322-751b-493c-8d40-58abe8262a25",
  "attachedMastersCount": 1,
  "configType": "xml",
  "createdOn": 1597898807410,
  "@rid": 164,
  "feature": "vmanage-default",
  "factoryDefault": true,
  "templateName": "Factory_Default_vSmart_vManage_Security_Template",
  "createdBy": "system",
  "devicesAttached": 1,
  "templateDescription": "Default Security template settings for vSmart and vManage",
  "lastUpdatedOn": 1597898807410
}