{
  "templateType": "aaa",
  "templateMinVersion": "15.0.0",
  "deviceType": [
    "vbond",
    "vedge-100",
    "vedge-ISR1100-4G",
    "vedge-ISR1100-4GLTE",
    "vedge-100-M",
    "vedge-100-WM",
    "vedge-100-B",
    "vedge-1000",
    "vedge-ISR1100-6G",
    "vedge-2000",
    "vedge-5000",
    "vedge-cloud",
    "vedge-CSR-1000v",
    "vedge-IR-1101",
    "vedge-ISR-4331",
    "vedge-ISR-4321",
    "vedge-ISR-4351",
    "vedge-ISR-4221",
    "vedge-ISR-4221X",
    "vedge-ISR-4431",
    "vedge-ISR-4461",
    "vedge-ISR-4451-X",
    "vedge-ASR-1001-HX",
    "vedge-ASR-1002-X",
    "vedge-ASR-1002-HX",
    "vedge-C1111-8P",
    "vedge-C1111X-8P",
    "vedge-C1111-8PLTEEA",
    "vedge-C1111-8PLTELA",
    "vedge-C1117-4PLTEEA",
    "vedge-C1127X-8PMLTEP",
    "vedge-C1117-4PLTELA",
    "vedge-ISRv",
    "vedge-ASR-1001-X",
    "vedge-C1101-4P",
    "vedge-C1101-4PLTEP",
    "vedge-C1111-4P",
    "vedge-C1111-8PW",
    "vedge-C1111-8PLTEEAW",
    "vedge-C1111-4PLTEEA",
    "vedge-C1111-4PLTELA",
    "vedge-C1116-4P",
    "vedge-C1116-4PLTEEA",
    "vedge-C1117-4P",
    "vedge-C1117-4PM",
    "vedge-C1117-4PMLTEEA",
    "vmanage",
    "vsmart",
    "vedge-C1161X-8P",
    "vedge-C1127X-8PMLTEP",
    "vedge-C1121-8PLTEPW",
    "vedge-C1111-8PLTELAW",
    "vedge-C1126X-8PLTEP",
    "vedge-C1127X-8PLTEP",
    "vedge-C1101-4PLTEPW",
    "vedge-C1109-4PLTE2PW",
    "vedge-C1109-4PLTE2P",
    "vedge-C1121X-8PLTEP",
    "vedge-C1161X-8PLTEP",
    "vedge-C1113-8PMLTEEA",
    "vedge-C1121X-8P"
  ],
  "lastUpdatedBy": "system",
  "editedTemplateDefinition": {
    "aaa": {
      "auth-order": {
        "vipType": "constant",
        "vipValue": [
          {
            "vipType": "constant",
            "vipValue": "local",
            "vipObjectType": "object"
          },
          {
            "vipType": "constant",
            "vipValue": "radius",
            "vipObjectType": "object"
          },
          {
            "vipType": "constant",
            "vipValue": "tacacs",
            "vipObjectType": "object"
          }
        ],
        "vipObjectType": "list"
      },
      "auth-fallback": {
        "vipObjectType": "object",
        "vipValue": "false",
        "vipType": "ignore"
      },
      "usergroup": {
        "vipType": "constant",
        "vipValue": [
          {
            "name": {
              "vipObjectType": "object",
              "vipType": "constant",
              "vipValue": "netadmin"
            },
            "viewMode": "view",
            "priority-order": [
              "name"
            ]
          },
          {
            "name": {
              "vipObjectType": "object",
              "vipType": "constant",
              "vipValue": "basic"
            },
            "priority-order": [
              "name",
              "task"
            ],
            "task": {
              "vipType": "constant",
              "vipValue": [
                {
                  "mode": {
                    "vipType": "constant",
                    "vipValue": "system",
                    "vipObjectType": "object"
                  },
                  "permission": {
                    "vipType": "constant",
                    "vipValue": [
                      {
                        "vipType": "constant",
                        "vipValue": "read",
                        "vipObjectType": "object"
                      },
                      {
                        "vipType": "constant",
                        "vipValue": "write",
                        "vipObjectType": "object"
                      }
                    ],
                    "vipObjectType": "list"
                  },
                  "priority-order": [
                    "mode",
                    "permission"
                  ]
                },
                {
                  "mode": {
                    "vipType": "constant",
                    "vipValue": "interface",
                    "vipObjectType": "object"
                  },
                  "permission": {
                    "vipType": "constant",
                    "vipValue": [
                      {
                        "vipType": "constant",
                        "vipValue": "read",
                        "vipObjectType": "object"
                      },
                      {
                        "vipType": "constant",
                        "vipValue": "write",
                        "vipObjectType": "object"
                      }
                    ],
                    "vipObjectType": "list"
                  },
                  "priority-order": [
                    "mode",
                    "permission"
                  ]
                }
              ],
              "vipObjectType": "tree",
              "vipPrimaryKey": [
                "mode"
              ]
            }
          },
          {
            "name": {
              "vipObjectType": "object",
              "vipType": "constant",
              "vipValue": "operator"
            },
            "priority-order": [
              "name",
              "task"
            ],
            "task": {
              "vipType": "constant",
              "vipValue": [
                {
                  "mode": {
                    "vipType": "constant",
                    "vipValue": "system",
                    "vipObjectType": "object"
                  },
                  "permission": {
                    "vipType": "constant",
                    "vipValue": [
                      {
                        "vipType": "constant",
                        "vipValue": "read",
                        "vipObjectType": "object"
                      }
                    ],
                    "vipObjectType": "list"
                  },
                  "priority-order": [
                    "mode",
                    "permission"
                  ]
                },
                {
                  "mode": {
                    "vipType": "constant",
                    "vipValue": "interface",
                    "vipObjectType": "object"
                  },
                  "permission": {
                    "vipType": "constant",
                    "vipValue": [
                      {
                        "vipType": "constant",
                        "vipValue": "read",
                        "vipObjectType": "object"
                      }
                    ],
                    "vipObjectType": "list"
                  },
                  "priority-order": [
                    "mode",
                    "permission"
                  ]
                },
                {
                  "mode": {
                    "vipType": "constant",
                    "vipValue": "policy",
                    "vipObjectType": "object"
                  },
                  "permission": {
                    "vipType": "constant",
                    "vipValue": [
                      {
                        "vipType": "constant",
                        "vipValue": "read",
                        "vipObjectType": "object"
                      }
                    ],
                    "vipObjectType": "list"
                  },
                  "priority-order": [
                    "mode",
                    "permission"
                  ]
                },
                {
                  "mode": {
                    "vipType": "constant",
                    "vipValue": "routing",
                    "vipObjectType": "object"
                  },
                  "permission": {
                    "vipType": "constant",
                    "vipValue": [
                      {
                        "vipType": "constant",
                        "vipValue": "read",
                        "vipObjectType": "object"
                      }
                    ],
                    "vipObjectType": "list"
                  },
                  "priority-order": [
                    "mode",
                    "permission"
                  ]
                },
                {
                  "mode": {
                    "vipType": "constant",
                    "vipValue": "security",
                    "vipObjectType": "object"
                  },
                  "permission": {
                    "vipType": "constant",
                    "vipValue": [
                      {
                        "vipType": "constant",
                        "vipValue": "read",
                        "vipObjectType": "object"
                      }
                    ],
                    "vipObjectType": "list"
                  },
                  "priority-order": [
                    "mode",
                    "permission"
                  ]
                }
              ],
              "vipObjectType": "tree",
              "vipPrimaryKey": [
                "mode"
              ]
            }
          }
        ],
        "vipObjectType": "tree",
        "vipPrimaryKey": [
          "name"
        ]
      },
      "user": {
        "vipType": "constant",
        "vipValue": [
          {
            "name": {
              "vipObjectType": "object",
              "vipValue": "admin",
              "vipType": "constant"
            },
            "password": {
              "vipObjectType": "object",
              "vipValue": "$6$siwKBQ==$wT2lUa9BSreDPI6gB8sl4E6PAJoVXgMbgv/whJ8F1C6sWdRazdxorYYTLrL6syiG6qnLABTnrE96HJiKF6QRq1",
              "vipPasskey": "admin",
              "vipType": "constant"
            },
            "secret": {
              "vipObjectType": "object",
              "vipValue": "$9$3VAI2FQD3UwH1k$hAKZcjzke0zyoJcyMqUV/o6xKnRmPqf1MG5WMa83ypc",
              "vipType": "constant"
            },
            "pubkey-chain": {
              "vipObjectType": "tree",
              "vipType": "ignore",
              "vipValue": [],
              "vipVariableName": "user_pubkey_chain_0",
              "vipPrimaryKey": [
                "usertag"
              ]
            },
            "description": {
              "vipObjectType": "object",
              "vipValue": "",
              "vipType": "ignore"
            },
            "group": {
              "vipType": "constant",
              "vipValue": [],
              "vipObjectType": "list"
            },
            "priority-order": [
              "name",
              "password",
              "description",
              "group",
              "pubkey-chain"
            ]
          }
        ],
        "vipObjectType": "tree",
        "vipPrimaryKey": [
          "name"
        ]
      }
    },
    "tacacs": {
      "timeout": {
        "vipObjectType": "object",
        "vipValue": 5,
        "vipType": "ignore"
      }
    },
    "radius": {
      "timeout": {
        "vipObjectType": "object",
        "vipValue": 5,
        "vipType": "ignore"
      },
      "retransmit": {
        "vipObjectType": "object",
        "vipValue": 3,
        "vipType": "ignore"
      }
    }
  },
  "templateDefinition": {
    "aaa": {
      "auth-order": {
        "vipType": "constant",
        "vipValue": [
          {
            "vipType": "constant",
            "vipValue": "local",
            "vipObjectType": "object"
          },
          {
            "vipType": "constant",
            "vipValue": "radius",
            "vipObjectType": "object"
          },
          {
            "vipType": "constant",
            "vipValue": "tacacs",
            "vipObjectType": "object"
          }
        ],
        "vipObjectType": "list"
      },
      "auth-fallback": {
        "vipObjectType": "object",
        "vipValue": "false",
        "vipType": "ignore"
      },
      "usergroup": {
        "vipType": "constant",
        "vipValue": [
          {
            "name": {
              "vipObjectType": "object",
              "vipType": "constant",
              "vipValue": "netadmin"
            },
            "viewMode": "view",
            "priority-order": [
              "name"
            ]
          },
          {
            "name": {
              "vipObjectType": "object",
              "vipType": "constant",
              "vipValue": "basic"
            },
            "priority-order": [
              "name",
              "task"
            ],
            "task": {
              "vipType": "constant",
              "vipValue": [
                {
                  "mode": {
                    "vipType": "constant",
                    "vipValue": "system",
                    "vipObjectType": "object"
                  },
                  "permission": {
                    "vipType": "constant",
                    "vipValue": [
                      {
                        "vipType": "constant",
                        "vipValue": "read",
                        "vipObjectType": "object"
                      },
                      {
                        "vipType": "constant",
                        "vipValue": "write",
                        "vipObjectType": "object"
                      }
                    ],
                    "vipObjectType": "list"
                  },
                  "priority-order": [
                    "mode",
                    "permission"
                  ]
                },
                {
                  "mode": {
                    "vipType": "constant",
                    "vipValue": "interface",
                    "vipObjectType": "object"
                  },
                  "permission": {
                    "vipType": "constant",
                    "vipValue": [
                      {
                        "vipType": "constant",
                        "vipValue": "read",
                        "vipObjectType": "object"
                      },
                      {
                        "vipType": "constant",
                        "vipValue": "write",
                        "vipObjectType": "object"
                      }
                    ],
                    "vipObjectType": "list"
                  },
                  "priority-order": [
                    "mode",
                    "permission"
                  ]
                }
              ],
              "vipObjectType": "tree",
              "vipPrimaryKey": [
                "mode"
              ]
            }
          },
          {
            "name": {
              "vipObjectType": "object",
              "vipType": "constant",
              "vipValue": "operator"
            },
            "priority-order": [
              "name",
              "task"
            ],
            "task": {
              "vipType": "constant",
              "vipValue": [
                {
                  "mode": {
                    "vipType": "constant",
                    "vipValue": "system",
                    "vipObjectType": "object"
                  },
                  "permission": {
                    "vipType": "constant",
                    "vipValue": [
                      {
                        "vipType": "constant",
                        "vipValue": "read",
                        "vipObjectType": "object"
                      }
                    ],
                    "vipObjectType": "list"
                  },
                  "priority-order": [
                    "mode",
                    "permission"
                  ]
                },
                {
                  "mode": {
                    "vipType": "constant",
                    "vipValue": "interface",
                    "vipObjectType": "object"
                  },
                  "permission": {
                    "vipType": "constant",
                    "vipValue": [
                      {
                        "vipType": "constant",
                        "vipValue": "read",
                        "vipObjectType": "object"
                      }
                    ],
                    "vipObjectType": "list"
                  },
                  "priority-order": [
                    "mode",
                    "permission"
                  ]
                },
                {
                  "mode": {
                    "vipType": "constant",
                    "vipValue": "policy",
                    "vipObjectType": "object"
                  },
                  "permission": {
                    "vipType": "constant",
                    "vipValue": [
                      {
                        "vipType": "constant",
                        "vipValue": "read",
                        "vipObjectType": "object"
                      }
                    ],
                    "vipObjectType": "list"
                  },
                  "priority-order": [
                    "mode",
                    "permission"
                  ]
                },
                {
                  "mode": {
                    "vipType": "constant",
                    "vipValue": "routing",
                    "vipObjectType": "object"
                  },
                  "permission": {
                    "vipType": "constant",
                    "vipValue": [
                      {
                        "vipType": "constant",
                        "vipValue": "read",
                        "vipObjectType": "object"
                      }
                    ],
                    "vipObjectType": "list"
                  },
                  "priority-order": [
                    "mode",
                    "permission"
                  ]
                },
                {
                  "mode": {
                    "vipType": "constant",
                    "vipValue": "security",
                    "vipObjectType": "object"
                  },
                  "permission": {
                    "vipType": "constant",
                    "vipValue": [
                      {
                        "vipType": "constant",
                        "vipValue": "read",
                        "vipObjectType": "object"
                      }
                    ],
                    "vipObjectType": "list"
                  },
                  "priority-order": [
                    "mode",
                    "permission"
                  ]
                }
              ],
              "vipObjectType": "tree",
              "vipPrimaryKey": [
                "mode"
              ]
            }
          }
        ],
        "vipObjectType": "tree",
        "vipPrimaryKey": [
          "name"
        ]
      },
      "user": {
        "vipType": "constant",
        "vipValue": [
          {
            "name": {
              "vipObjectType": "object",
              "vipValue": "admin",
              "vipType": "constant"
            },
            "password": {
              "vipObjectType": "object",
              "vipValue": "$6$siwKBQ==$wT2lUa9BSreDPI6gB8sl4E6PAJoVXgMbgv/whJ8F1C6sWdRazdxorYYTLrL6syiG6qnLABTnrE96HJiKF6QRq1",
              "vipPasskey": "admin",
              "vipType": "constant"
            },
            "secret": {
              "vipObjectType": "object",
              "vipValue": "$9$3VAI2FQD3UwH1k$hAKZcjzke0zyoJcyMqUV/o6xKnRmPqf1MG5WMa83ypc",
              "vipType": "constant"
            },
            "pubkey-chain": {
              "vipObjectType": "tree",
              "vipType": "ignore",
              "vipValue": [],
              "vipVariableName": "user_pubkey_chain_0",
              "vipPrimaryKey": [
                "usertag"
              ]
            },
            "description": {
              "vipObjectType": "object",
              "vipValue": "",
              "vipType": "ignore"
            },
            "group": {
              "vipType": "constant",
              "vipValue": [],
              "vipObjectType": "list"
            },
            "priority-order": [
              "name",
              "password",
              "description",
              "group",
              "pubkey-chain"
            ]
          }
        ],
        "vipObjectType": "tree",
        "vipPrimaryKey": [
          "name"
        ]
      }
    },
    "tacacs": {
      "timeout": {
        "vipObjectType": "object",
        "vipValue": 5,
        "vipType": "ignore"
      }
    },
    "radius": {
      "timeout": {
        "vipObjectType": "object",
        "vipValue": 5,
        "vipType": "ignore"
      },
      "retransmit": {
        "vipObjectType": "object",
        "vipValue": 3,
        "vipType": "ignore"
      }
    }
  },
  "templateId": "dade55aa-26aa-48d0-bc6a-2cb8ca2e7e13",
  "attachedMastersCount": 0,
  "configType": "xml",
  "createdOn": 1597898803362,
  "@rid": 105,
  "feature": "vmanage-default",
  "factoryDefault": true,
  "templateName": "Factory_Default_AAA_Template",
  "createdBy": "system",
  "devicesAttached": 0,
  "templateDescription": "Default AAA template settings",
  "lastUpdatedOn": 1597898803362
}