{
  "templateType": "omp-vedge",
  "templateMinVersion": "15.0.0",
  "deviceType": [
    "vedge-100",
    "vedge-100-M",
    "vedge-100-WM",
    "vedge-100-B",
    "vedge-1000",
    "vedge-2000",
    "vedge-5000",
    "vedge-ISR1100-4G",
    "vedge-ISR1100-4GLTE",
    "vedge-ISR1100-6G",
    "vedge-cloud"
  ],
  "lastUpdatedBy": "system",
  "editedTemplateDefinition": {
    "graceful-restart": {
      "vipObjectType": "object",
      "vipType": "ignore",
      "vipValue": "true"
    },
    "send-path-limit": {
      "vipObjectType": "object",
      "vipType": "ignore",
      "vipValue": 4
    },
    "ecmp-limit": {
      "vipObjectType": "object",
      "vipType": "ignore",
      "vipValue": 4
    },
    "shutdown": {
      "vipObjectType": "object",
      "vipType": "ignore",
      "vipValue": "false"
    },
    "timers": {
      "advertisement-interval": {
        "vipObjectType": "object",
        "vipType": "ignore",
        "vipValue": 1
      },
      "graceful-restart-timer": {
        "vipObjectType": "object",
        "vipType": "ignore",
        "vipValue": 43200
      },
      "holdtime": {
        "vipObjectType": "object",
        "vipType": "ignore",
        "vipValue": 60
      }
    },
    "advertise": {
      "vipType": "constant",
      "vipValue": [
        {
          "priority-order": [
            "protocol"
          ],
          "protocol": {
            "vipType": "constant",
            "vipValue": "connected",
            "vipObjectType": "object"
          }
        },
        {
          "priority-order": [
            "protocol"
          ],
          "protocol": {
            "vipType": "constant",
            "vipValue": "static",
            "vipObjectType": "object"
          }
        }
      ],
      "vipObjectType": "tree",
      "vipPrimaryKey": [
        "protocol"
      ]
    }
  },
  "templateDefinition": {
    "graceful-restart": {
      "vipObjectType": "object",
      "vipType": "ignore",
      "vipValue": "true"
    },
    "send-path-limit": {
      "vipObjectType": "object",
      "vipType": "ignore",
      "vipValue": 4
    },
    "ecmp-limit": {
      "vipObjectType": "object",
      "vipType": "ignore",
      "vipValue": 4
    },
    "shutdown": {
      "vipObjectType": "object",
      "vipType": "ignore",
      "vipValue": "false"
    },
    "timers": {
      "advertisement-interval": {
        "vipObjectType": "object",
        "vipType": "ignore",
        "vipValue": 1
      },
      "graceful-restart-timer": {
        "vipObjectType": "object",
        "vipType": "ignore",
        "vipValue": 43200
      },
      "holdtime": {
        "vipObjectType": "object",
        "vipType": "ignore",
        "vipValue": 60
      }
    },
    "advertise": {
      "vipType": "constant",
      "vipValue": [
        {
          "priority-order": [
            "protocol"
          ],
          "protocol": {
            "vipType": "constant",
            "vipValue": "connected",
            "vipObjectType": "object"
          }
        },
        {
          "priority-order": [
            "protocol"
          ],
          "protocol": {
            "vipType": "constant",
            "vipValue": "static",
            "vipObjectType": "object"
          }
        }
      ],
      "vipObjectType": "tree",
      "vipPrimaryKey": [
        "protocol"
      ]
    }
  },
  "templateId": "9c95ae95-c4be-4535-a315-22501456076b",
  "attachedMastersCount": 1,
  "configType": "xml",
  "createdOn": 1597898806557,
  "@rid": 158,
  "feature": "vmanage-default",
  "factoryDefault": true,
  "templateName": "Factory_Default_vEdge_OMP_Template",
  "createdBy": "system",
  "devicesAttached": 3,
  "templateDescription": "Default OMP template settings for vEdge",
  "lastUpdatedOn": 1597898806557
}