{
  "templateType": "omp-vedge",
  "templateMinVersion": "15.0.0",
  "deviceType": [
    "vedge-CSR-1000v",
    "vedge-IR-1101",
    "vedge-ISR-4331",
    "vedge-ISR-4321",
    "vedge-ISR-4351",
    "vedge-ISR-4221",
    "vedge-ISR-4221X",
    "vedge-ISR-4431",
    "vedge-ISR-4451-X",
    "vedge-ASR-1001-HX",
    "vedge-ASR-1002-X",
    "vedge-ASR-1002-HX",
    "vedge-C1111-8P",
    "vedge-C1111X-8P",
    "vedge-C1111-8PLTEEA",
    "vedge-C1111-8PLTELA",
    "vedge-C1117-4PLTEEA",
    "vedge-C1127X-8PMLTEP",
    "vedge-C1117-4PLTELA",
    "vedge-ISRv",
    "vedge-ASR-1001-X",
    "vedge-C1101-4P",
    "vedge-C1101-4PLTEP",
    "vedge-C1111-4P",
    "vedge-C1111-8PW",
    "vedge-C1111-8PLTEEAW",
    "vedge-C1111-4PLTEEA",
    "vedge-C1111-4PLTELA",
    "vedge-C1116-4P",
    "vedge-C1116-4PLTEEA",
    "vedge-C1117-4P",
    "vedge-C1117-4PM",
    "vedge-C1117-4PMLTEEA",
    "vedge-ISR-4461",
    "vedge-C1161X-8P",
    "vedge-C1127X-8PMLTEP",
    "vedge-C1121-8PLTEPW",
    "vedge-C1111-8PLTELAW",
    "vedge-C1126X-8PLTEP",
    "vedge-C1127X-8PLTEP",
    "vedge-C1101-4PLTEPW",
    "vedge-C1109-4PLTE2PW",
    "vedge-C1109-4PLTE2P",
    "vedge-C1121X-8PLTEP",
    "vedge-C1161X-8PLTEP",
    "vedge-C1113-8PMLTEEA",
    "vedge-C1121X-8P"
  ],
  "lastUpdatedBy": "system",
  "editedTemplateDefinition": {
    "graceful-restart": {
      "vipObjectType": "object",
      "vipType": "ignore",
      "vipValue": "true"
    },
    "send-path-limit": {
      "vipObjectType": "object",
      "vipType": "ignore",
      "vipValue": 4
    },
    "ecmp-limit": {
      "vipObjectType": "object",
      "vipType": "ignore",
      "vipValue": 4
    },
    "shutdown": {
      "vipObjectType": "object",
      "vipType": "ignore",
      "vipValue": "false"
    },
    "timers": {
      "advertisement-interval": {
        "vipObjectType": "object",
        "vipType": "ignore",
        "vipValue": 1
      },
      "graceful-restart-timer": {
        "vipObjectType": "object",
        "vipType": "ignore",
        "vipValue": 43200
      },
      "holdtime": {
        "vipObjectType": "object",
        "vipType": "ignore",
        "vipValue": 60
      }
    },
    "advertise": {
      "vipType": "constant",
      "vipValue": [
        {
          "priority-order": [
            "protocol"
          ],
          "protocol": {
            "vipType": "constant",
            "vipValue": "connected",
            "vipObjectType": "object"
          }
        },
        {
          "priority-order": [
            "protocol"
          ],
          "protocol": {
            "vipType": "constant",
            "vipValue": "static",
            "vipObjectType": "object"
          }
        }
      ],
      "vipObjectType": "tree",
      "vipPrimaryKey": [
        "protocol"
      ]
    },
    "ipv6-advertise": {
      "vipType": "constant",
      "vipValue": [
        {
          "priority-order": [
            "protocol"
          ],
          "protocol": {
            "vipType": "constant",
            "vipValue": "connected",
            "vipObjectType": "object"
          }
        },
        {
          "priority-order": [
            "protocol"
          ],
          "protocol": {
            "vipType": "constant",
            "vipValue": "static",
            "vipObjectType": "object"
          }
        }
      ],
      "vipObjectType": "tree",
      "vipPrimaryKey": [
        "protocol"
      ]
    }
  },
  "templateDefinition": {
    "graceful-restart": {
      "vipObjectType": "object",
      "vipType": "ignore",
      "vipValue": "true"
    },
    "send-path-limit": {
      "vipObjectType": "object",
      "vipType": "ignore",
      "vipValue": 4
    },
    "ecmp-limit": {
      "vipObjectType": "object",
      "vipType": "ignore",
      "vipValue": 4
    },
    "shutdown": {
      "vipObjectType": "object",
      "vipType": "ignore",
      "vipValue": "false"
    },
    "timers": {
      "advertisement-interval": {
        "vipObjectType": "object",
        "vipType": "ignore",
        "vipValue": 1
      },
      "graceful-restart-timer": {
        "vipObjectType": "object",
        "vipType": "ignore",
        "vipValue": 43200
      },
      "holdtime": {
        "vipObjectType": "object",
        "vipType": "ignore",
        "vipValue": 60
      }
    },
    "advertise": {
      "vipType": "constant",
      "vipValue": [
        {
          "priority-order": [
            "protocol"
          ],
          "protocol": {
            "vipType": "constant",
            "vipValue": "connected",
            "vipObjectType": "object"
          }
        },
        {
          "priority-order": [
            "protocol"
          ],
          "protocol": {
            "vipType": "constant",
            "vipValue": "static",
            "vipObjectType": "object"
          }
        }
      ],
      "vipObjectType": "tree",
      "vipPrimaryKey": [
        "protocol"
      ]
    },
    "ipv6-advertise": {
      "vipType": "constant",
      "vipValue": [
        {
          "priority-order": [
            "protocol"
          ],
          "protocol": {
            "vipType": "constant",
            "vipValue": "connected",
            "vipObjectType": "object"
          }
        },
        {
          "priority-order": [
            "protocol"
          ],
          "protocol": {
            "vipType": "constant",
            "vipValue": "static",
            "vipObjectType": "object"
          }
        }
      ],
      "vipObjectType": "tree",
      "vipPrimaryKey": [
        "protocol"
      ]
    }
  },
  "templateId": "b22f3b7e-c012-42cf-82e7-3c92404c0534",
  "attachedMastersCount": 0,
  "configType": "xml",
  "createdOn": 1597898804053,
  "@rid": 142,
  "feature": "vmanage-default",
  "factoryDefault": true,
  "templateName": "Factory_Default_vEdge_OMP_ipv46_Template",
  "createdBy": "system",
  "devicesAttached": 0,
  "templateDescription": "Default OMP ipv46 template settings for cEdge",
  "lastUpdatedOn": 1597898804053
}