{
  "templateType": "vpn-vsmart",
  "templateMinVersion": "15.0.0",
  "deviceType": [
    "vmanage",
    "vsmart"
  ],
  "lastUpdatedBy": "system",
  "editedTemplateDefinition": {
    "vpn-id": {
      "vipObjectType": "object",
      "vipType": "constant",
      "vipValue": "512"
    },
    "name": {
      "vipObjectType": "object",
      "vipType": "ignore"
    },
    "host": {
      "vipType": "ignore",
      "vipValue": [],
      "vipObjectType": "tree",
      "vipPrimaryKey": [
        "hostname"
      ]
    },
    "ip": {},
    "ipv6": {}
  },
  "templateDefinition": {
    "vpn-id": {
      "vipObjectType": "object",
      "vipType": "constant",
      "vipValue": "512"
    },
    "name": {
      "vipObjectType": "object",
      "vipType": "ignore"
    },
    "host": {
      "vipType": "ignore",
      "vipValue": [],
      "vipObjectType": "tree",
      "vipPrimaryKey": [
        "hostname"
      ]
    },
    "ip": {},
    "ipv6": {}
  },
  "templateId": "f640e38c-55c6-4c99-acdf-fe39f472dfe2",
  "attachedMastersCount": 1,
  "configType": "xml",
  "createdOn": 1597898807165,
  "@rid": 162,
  "feature": "vmanage-default",
  "factoryDefault": true,
  "templateName": "Factory_Default_vSmart_vManage_VPN_512_Template",
  "createdBy": "system",
  "devicesAttached": 1,
  "templateDescription": "Default Management VPN template settings for vSmart and vManage",
  "lastUpdatedOn": 1597898807165
}