{
  "templateType": "virtual-application-utd",
  "templateMinVersion": "15.0.0",
  "deviceType": [
    "vedge-CSR-1000v",
    "vedge-ISR-4331",
    "vedge-ISR-4321",
    "vedge-ISR-4351",
    "vedge-ISR-4221",
    "vedge-ISR-4221X",
    "vedge-ISR-4431",
    "vedge-ISR-4451-X",
    "vedge-C1111X-8P",
    "vedge-ISRv",
    "vedge-ISR-4461"
  ],
  "lastUpdatedBy": "system",
  "editedTemplateDefinition": {
    "virtual-application": {
      "vipType": "constant",
      "vipValue": [
        {
          "instance-id": {
            "vipObjectType": "object",
            "vipType": "constant",
            "vipValue": "1",
            "vipVariableName": "instance_id"
          },
          "application-type": {
            "vipObjectType": "object",
            "vipType": "constant",
            "vipValue": "utd",
            "vipVariableName": "application_type"
          },
          "utd": {
            "nat": {
              "vipObjectType": "object",
              "vipType": "constant",
              "vipValue": "true",
              "vipVariableName": "nat"
            },
            "resource-profile": {
              "vipObjectType": "object",
              "vipType": "ignore",
              "vipValue": "_empty",
              "vipVariableName": "resource_profile"
            },
            "service-gateway-ip": {
              "vipObjectType": "object",
              "vipType": "ignore",
              "vipVariableName": "service_gateway_ip"
            },
            "service-ip": {
              "vipObjectType": "object",
              "vipType": "ignore",
              "vipVariableName": "service_ip"
            }
          },
          "priority-order": [
            "instance-id",
            "application-type",
            "utd"
          ]
        }
      ],
      "vipObjectType": "tree",
      "vipPrimaryKey": [
        "instance-id"
      ]
    }
  },
  "templateDefinition": {
    "virtual-application": {
      "vipType": "constant",
      "vipValue": [
        {
          "instance-id": {
            "vipObjectType": "object",
            "vipType": "constant",
            "vipValue": "1",
            "vipVariableName": "instance_id"
          },
          "application-type": {
            "vipObjectType": "object",
            "vipType": "constant",
            "vipValue": "utd",
            "vipVariableName": "application_type"
          },
          "utd": {
            "nat": {
              "vipObjectType": "object",
              "vipType": "constant",
              "vipValue": "true",
              "vipVariableName": "nat"
            },
            "resource-profile": {
              "vipObjectType": "object",
              "vipType": "ignore",
              "vipValue": "_empty",
              "vipVariableName": "resource_profile"
            },
            "service-gateway-ip": {
              "vipObjectType": "object",
              "vipType": "ignore",
              "vipVariableName": "service_gateway_ip"
            },
            "service-ip": {
              "vipObjectType": "object",
              "vipType": "ignore",
              "vipVariableName": "service_ip"
            }
          },
          "priority-order": [
            "instance-id",
            "application-type",
            "utd"
          ]
        }
      ],
      "vipObjectType": "tree",
      "vipPrimaryKey": [
        "instance-id"
      ]
    }
  },
  "templateId": "25cad884-2418-4ddf-828d-1213eb481827",
  "attachedMastersCount": 0,
  "configType": "xml",
  "createdOn": 1597898807746,
  "@rid": 166,
  "feature": "vmanage-default",
  "factoryDefault": true,
  "templateName": "Factory_Default_UTD_Template",
  "createdBy": "system",
  "devicesAttached": 0,
  "templateDescription": "Default UTD template settings",
  "lastUpdatedOn": 1597898807746
}