{
  "templateType": "system-vedge",
  "templateMinVersion": "18.3.0",
  "deviceType": [
    "vedge-CSR-1000v",
    "vedge-IR-1101",
    "vedge-ISR-4331",
    "vedge-ISR-4321",
    "vedge-ISR-4351",
    "vedge-ISR-4221",
    "vedge-ISR-4221X",
    "vedge-ISR-4431",
    "vedge-ISR-4461",
    "vedge-ISR-4451-X",
    "vedge-ASR-1001-HX",
    "vedge-ASR-1002-X",
    "vedge-ASR-1002-HX",
    "vedge-C1111-8P",
    "vedge-C1111X-8P",
    "vedge-C1111-8PLTEEA",
    "vedge-C1111-8PLTELA",
    "vedge-C1117-4PLTEEA",
    "vedge-C1127X-8PMLTEP",
    "vedge-C1117-4PLTELA",
    "vedge-ISRv",
    "vedge-ASR-1001-X",
    "vedge-nfvis-CSP2100",
    "vedge-nfvis-CSP2100-X1",
    "vedge-nfvis-CSP2100-X2",
    "vedge-nfvis-UCSC-C",
    "vedge-nfvis-UCSC-E",
    "vedge-C1101-4P",
    "vedge-C1101-4PLTEP",
    "vedge-C1111-4P",
    "vedge-C1111-8PW",
    "vedge-C1111-8PLTEEAW",
    "vedge-C1111-4PLTEEA",
    "vedge-C1111-4PLTELA",
    "vedge-C1116-4P",
    "vedge-C1116-4PLTEEA",
    "vedge-C1117-4P",
    "vedge-C1117-4PM",
    "vedge-C1117-4PMLTEEA",
    "vedge-C1161X-8P",
    "vedge-C1101-4PLTEP",
    "vedge-C1127X-8PMLTEP",
    "vedge-C1121-8PLTEPW",
    "vedge-C1111-8PLTELAW",
    "vedge-C1126X-8PLTEP",
    "vedge-C1127X-8PLTEP",
    "vedge-C1101-4PLTEPW",
    "vedge-C1109-4PLTE2PW",
    "vedge-C1109-4PLTE2P",
    "vedge-C1121X-8PLTEP",
    "vedge-C1161X-8PLTEP",
    "vedge-C1113-8PMLTEEA",
    "vedge-C1121X-8P"
  ],
  "lastUpdatedBy": "system",
  "editedTemplateDefinition": {
    "clock": {
      "timezone": {
        "vipObjectType": "object",
        "vipValue": "America/Los_Angeles",
        "vipType": "ignore"
      }
    },
    "gps-location": {
      "latitude": {
        "vipObjectType": "object",
        "vipType": "ignore"
      },
      "longitude": {
        "vipObjectType": "object",
        "vipType": "ignore"
      }
    },
    "timer": {
      "dns-cache-timeout": {
        "vipObjectType": "object",
        "vipValue": 30,
        "vipType": "ignore"
      }
    },
    "location": {
      "vipObjectType": "object",
      "vipType": "ignore"
    },
    "system-tunnel-mtu": {
      "vipObjectType": "object",
      "vipValue": 1024,
      "vipType": "ignore"
    },
    "track-transport": {
      "vipObjectType": "object",
      "vipValue": "true",
      "vipType": "ignore"
    },
    "port-offset": {
      "vipObjectType": "object",
      "vipValue": 0,
      "vipType": "ignore"
    },
    "port-hop": {
      "vipObjectType": "object",
      "vipValue": "true",
      "vipType": "ignore"
    },
    "control-session-pps": {
      "vipObjectType": "object",
      "vipValue": 300,
      "vipType": "ignore"
    },
    "description": {
      "vipObjectType": "object",
      "vipType": "ignore"
    },
    "device-groups": {
      "vipObjectType": "list",
      "vipType": "ignore"
    },
    "site-id": {
      "vipObjectType": "object",
      "vipType": "variable",
      "vipValue": ""
    },
    "system-ip": {
      "vipObjectType": "object",
      "vipType": "variable",
      "vipValue": ""
    },
    "host-name": {
      "vipObjectType": "object",
      "vipType": "variable",
      "vipValue": ""
    },
    "console-baud-rate": {
      "vipObjectType": "object",
      "vipValue": "9600",
      "vipType": "constant"
    },
    "max-controllers": {
      "vipObjectType": "object",
      "vipValue": 2,
      "vipType": "ignore"
    },
    "usb-controller": {
      "vipObjectType": "object",
      "vipValue": "false",
      "vipType": "ignore"
    },
    "track-default-gateway": {
      "vipObjectType": "object",
      "vipValue": "true",
      "vipType": "ignore"
    },
    "host-policer-pps": {
      "vipObjectType": "object",
      "vipValue": 5000,
      "vipType": "ignore"
    },
    "icmp-error-pps": {
      "vipObjectType": "object",
      "vipValue": 100,
      "vipType": "ignore"
    }
  },
  "templateDefinition": {
    "clock": {
      "timezone": {
        "vipObjectType": "object",
        "vipValue": "America/Los_Angeles",
        "vipType": "ignore"
      }
    },
    "gps-location": {
      "latitude": {
        "vipObjectType": "object",
        "vipType": "ignore"
      },
      "longitude": {
        "vipObjectType": "object",
        "vipType": "ignore"
      }
    },
    "timer": {
      "dns-cache-timeout": {
        "vipObjectType": "object",
        "vipValue": 30,
        "vipType": "ignore"
      }
    },
    "location": {
      "vipObjectType": "object",
      "vipType": "ignore"
    },
    "system-tunnel-mtu": {
      "vipObjectType": "object",
      "vipValue": 1024,
      "vipType": "ignore"
    },
    "track-transport": {
      "vipObjectType": "object",
      "vipValue": "true",
      "vipType": "ignore"
    },
    "port-offset": {
      "vipObjectType": "object",
      "vipValue": 0,
      "vipType": "ignore"
    },
    "port-hop": {
      "vipObjectType": "object",
      "vipValue": "true",
      "vipType": "ignore"
    },
    "control-session-pps": {
      "vipObjectType": "object",
      "vipValue": 300,
      "vipType": "ignore"
    },
    "description": {
      "vipObjectType": "object",
      "vipType": "ignore"
    },
    "device-groups": {
      "vipObjectType": "list",
      "vipType": "ignore"
    },
    "site-id": {
      "vipObjectType": "object",
      "vipType": "variable",
      "vipValue": ""
    },
    "system-ip": {
      "vipObjectType": "object",
      "vipType": "variable",
      "vipValue": ""
    },
    "host-name": {
      "vipObjectType": "object",
      "vipType": "variable",
      "vipValue": ""
    },
    "console-baud-rate": {
      "vipObjectType": "object",
      "vipValue": "9600",
      "vipType": "constant"
    },
    "max-controllers": {
      "vipObjectType": "object",
      "vipValue": 2,
      "vipType": "ignore"
    },
    "usb-controller": {
      "vipObjectType": "object",
      "vipValue": "false",
      "vipType": "ignore"
    },
    "track-default-gateway": {
      "vipObjectType": "object",
      "vipValue": "true",
      "vipType": "ignore"
    },
    "host-policer-pps": {
      "vipObjectType": "object",
      "vipValue": 5000,
      "vipType": "ignore"
    },
    "icmp-error-pps": {
      "vipObjectType": "object",
      "vipValue": 100,
      "vipType": "ignore"
    }
  },
  "templateId": "59b44445-dc53-4b4a-a920-abfe9daf597c",
  "attachedMastersCount": 0,
  "configType": "xml",
  "createdOn": 1597898807276,
  "@rid": 163,
  "feature": "vmanage-default",
  "factoryDefault": true,
  "templateName": "Factory_Default_cEdge_System_Template",
  "createdBy": "system",
  "devicesAttached": 0,
  "templateDescription": "Default System template settings for vEdge(C)",
  "lastUpdatedOn": 1597898807276
}