{
  "templateType": "appqoe",
  "templateMinVersion": "15.0.0",
  "deviceType": [
    "vedge-CSR-1000v",
    "vedge-ISR-4331",
    "vedge-ISR-4351"
  ],
  "lastUpdatedBy": "system",
  "editedTemplateDefinition": {
    "service-node-group": {
      "vipType": "constant",
      "vipObjectType": "tree",
      "vipPrimaryKey": [
        "name"
      ],
      "vipValue": [
        {
          "name": {
            "vipObjectType": "object",
            "vipType": "constant",
            "vipValue": "SNG-APPQOE"
          },
          "service-node": {
            "vipObjectType": "tree",
            "vipType": "constant",
            "vipPrimaryKey": [
              "address"
            ],
            "vipValue": [
              {
                "address": {
                  "vipObjectType": "object",
                  "vipType": "constant",
                  "vipValue": "192.168.2.2",
                  "vipVariableName": "appqoe_service_node_address"
                },
                "vpg-ip": {
                  "vipObjectType": "object",
                  "vipType": "constant",
                  "vipValue": "192.168.2.1/24",
                  "vipVariableName": "appqoe_virtual_port_group_address"
                }
              }
            ]
          }
        }
      ]
    }
  },
  "templateDefinition": {
    "service-node-group": {
      "vipType": "constant",
      "vipObjectType": "tree",
      "vipPrimaryKey": [
        "name"
      ],
      "vipValue": [
        {
          "name": {
            "vipObjectType": "object",
            "vipType": "constant",
            "vipValue": "SNG-APPQOE"
          },
          "service-node": {
            "vipObjectType": "tree",
            "vipType": "constant",
            "vipPrimaryKey": [
              "address"
            ],
            "vipValue": [
              {
                "address": {
                  "vipObjectType": "object",
                  "vipType": "constant",
                  "vipValue": "192.168.2.2",
                  "vipVariableName": "appqoe_service_node_address"
                },
                "vpg-ip": {
                  "vipObjectType": "object",
                  "vipType": "constant",
                  "vipValue": "192.168.2.1/24",
                  "vipVariableName": "appqoe_virtual_port_group_address"
                }
              }
            ]
          }
        }
      ]
    }
  },
  "templateId": "23ea4dd8-520a-444e-8954-f0e0afdef3f9",
  "attachedMastersCount": 0,
  "configType": "xml",
  "createdOn": 1597898803899,
  "@rid": 141,
  "feature": "vmanage-default",
  "factoryDefault": true,
  "templateName": "Factory_Default_AppQoE_ServiceNode_Template",
  "createdBy": "system",
  "devicesAttached": 0,
  "templateDescription": "Default AppQoE Service Node template settings",
  "lastUpdatedOn": 1597898803899
}