{
  "templateType": "vpn-vedge-interface",
  "deviceType": [
    "vedge-cloud"
  ],
  "templateMinVersion": "15.0.0",
  "lastUpdatedBy": "admin",
  "editedTemplateDefinition": {
    "if-name": {
      "vipObjectType": "object",
      "vipType": "constant",
      "vipValue": "ge0/2",
      "vipVariableName": "vpn_if_name"
    },
    "description": {
      "vipObjectType": "object",
      "vipType": "constant",
      "vipValue": "Service VPN",
      "vipVariableName": "vpn_if_description"
    },
    "ip": {
      "address": {
        "vipObjectType": "object",
        "vipType": "variableName",
        "vipValue": "",
        "vipVariableName": "vpn_1_if_ipv4_address"
      },
      "secondary-address": {
        "vipType": "ignore",
        "vipValue": [],
        "vipObjectType": "tree",
        "vipPrimaryKey": [
          "address"
        ]
      }
    },
    "dhcp-helper": {},
    "flow-control": {
      "vipObjectType": "object",
      "vipType": "ignore",
      "vipValue": "autoneg",
      "vipVariableName": "vpn_if_flow_control"
    },
    "clear-dont-fragment": {
      "vipObjectType": "object",
      "vipType": "ignore",
      "vipValue": "false",
      "vipVariableName": "vpn_if_clear_dont_fragment"
    },
    "pmtu": {
      "vipObjectType": "object",
      "vipType": "ignore",
      "vipValue": "false",
      "vipVariableName": "vpn_if_pmtu"
    },
    "mtu": {
      "vipObjectType": "object",
      "vipType": "ignore",
      "vipValue": 1500,
      "vipVariableName": "vpn_if_ip_mtu"
    },
    "static-ingress-qos": {
      "vipObjectType": "object",
      "vipType": "ignore",
      "vipVariableName": "vpn_if_static_ingress_qos"
    },
    "tcp-mss-adjust": {
      "vipObjectType": "object",
      "vipType": "ignore",
      "vipVariableName": "vpn_if_tcp_mss_adjust"
    },
    "mac-address": {
      "vipObjectType": "object",
      "vipType": "ignore",
      "vipVariableName": "vpn_if_mac_address"
    },
    "speed": {
      "vipObjectType": "object",
      "vipType": "ignore",
      "vipValue": "_empty",
      "vipVariableName": "vpn_if_speed"
    },
    "duplex": {
      "vipObjectType": "object",
      "vipType": "ignore",
      "vipValue": "_empty",
      "vipVariableName": "vpn_if_duplex"
    },
    "shutdown": {
      "vipObjectType": "object",
      "vipType": "constant",
      "vipValue": "false",
      "vipVariableName": "vpn_if_shutdown"
    },
    "arp-timeout": {
      "vipObjectType": "object",
      "vipType": "ignore",
      "vipValue": 1200,
      "vipVariableName": "vpn_if_arp_timeout"
    },
    "autonegotiate": {
      "vipObjectType": "object",
      "vipType": "ignore",
      "vipValue": "true",
      "vipVariableName": "vpn_if_autonegotiate"
    },
    "shaping-rate": {
      "vipObjectType": "object",
      "vipType": "ignore",
      "vipVariableName": "qos_shaping_rate"
    },
    "qos-map": {
      "vipObjectType": "object",
      "vipType": "ignore",
      "vipVariableName": "qos_map"
    },
    "tracker": {
      "vipObjectType": "list",
      "vipType": "ignore",
      "vipVariableName": "vpn_if_tracker"
    },
    "bandwidth-upstream": {
      "vipObjectType": "object",
      "vipType": "ignore",
      "vipVariableName": "vpn_if_bandwidth_upstream"
    },
    "bandwidth-downstream": {
      "vipObjectType": "object",
      "vipType": "ignore",
      "vipVariableName": "vpn_if_bandwidth_downstream"
    },
    "block-non-source-ip": {
      "vipObjectType": "object",
      "vipType": "ignore",
      "vipValue": "false",
      "vipVariableName": "vpn_if_block_non_source_ip"
    },
    "rewrite-rule": {
      "rule-name": {
        "vipObjectType": "object",
        "vipType": "ignore",
        "vipVariableName": "rewrite_rule_name"
      }
    },
    "tloc-extension": {
      "vipObjectType": "object",
      "vipType": "ignore",
      "vipVariableName": "vpn_if_tloc_extension"
    },
    "icmp-redirect-disable": {
      "vipObjectType": "object",
      "vipType": "ignore",
      "vipValue": "false",
      "vipVariableName": "vpn_if_icmp_redirect_disable"
    },
    "tloc-extension-gre-from": {
      "src-ip": {
        "vipObjectType": "object",
        "vipType": "ignore",
        "vipVariableName": "vpn_if_tloc-ext_gre_from_src_ip"
      },
      "xconnect": {
        "vipObjectType": "object",
        "vipType": "ignore",
        "vipVariableName": "vpn_if_tloc-ext_gre_from_xconnect"
      }
    },
    "access-list": {
      "vipType": "ignore",
      "vipValue": [],
      "vipObjectType": "tree",
      "vipPrimaryKey": [
        "direction"
      ]
    },
    "policer": {
      "vipType": "ignore",
      "vipValue": [],
      "vipObjectType": "tree",
      "vipPrimaryKey": [
        "policer-name",
        "direction"
      ]
    },
    "ip-directed-broadcast": {
      "vipObjectType": "object",
      "vipType": "ignore",
      "vipValue": "false",
      "vipVariableName": "vpn_if_ip-directed-broadcast"
    },
    "ipv6": {
      "access-list": {
        "vipType": "ignore",
        "vipValue": [],
        "vipObjectType": "tree",
        "vipPrimaryKey": [
          "direction"
        ]
      },
      "address": {
        "vipObjectType": "object",
        "vipType": "ignore",
        "vipValue": "",
        "vipVariableName": "vpn_if_ipv6_ipv6_address"
      },
      "dhcp-helper-v6": {
        "vipType": "ignore",
        "vipValue": [],
        "vipObjectType": "tree",
        "vipPrimaryKey": [
          "address"
        ]
      },
      "secondary-address": {
        "vipType": "ignore",
        "vipValue": [],
        "vipObjectType": "tree",
        "vipPrimaryKey": [
          "address"
        ]
      }
    },
    "arp": {
      "ip": {
        "vipType": "ignore",
        "vipValue": [],
        "vipObjectType": "tree",
        "vipPrimaryKey": [
          "addr"
        ]
      }
    },
    "vrrp": {
      "vipType": "ignore",
      "vipValue": [],
      "vipObjectType": "tree",
      "vipPrimaryKey": [
        "grp-id"
      ]
    },
    "ipv6-vrrp": {
      "vipType": "ignore",
      "vipValue": [],
      "vipObjectType": "tree",
      "vipPrimaryKey": [
        "grp-id"
      ]
    },
    "dot1x": {
      "vipType": "ignore",
      "vipObjectType": "node-only"
    }
  },
  "templateDefinition": {
    "if-name": {
      "vipObjectType": "object",
      "vipType": "constant",
      "vipValue": "ge0/2",
      "vipVariableName": "vpn_if_name"
    },
    "description": {
      "vipObjectType": "object",
      "vipType": "constant",
      "vipValue": "Service VPN",
      "vipVariableName": "vpn_if_description"
    },
    "ip": {
      "address": {
        "vipObjectType": "object",
        "vipType": "variableName",
        "vipValue": "",
        "vipVariableName": "vpn_1_if_ipv4_address"
      },
      "secondary-address": {
        "vipType": "ignore",
        "vipValue": [],
        "vipObjectType": "tree",
        "vipPrimaryKey": [
          "address"
        ]
      }
    },
    "dhcp-helper": {},
    "flow-control": {
      "vipObjectType": "object",
      "vipType": "ignore",
      "vipValue": "autoneg",
      "vipVariableName": "vpn_if_flow_control"
    },
    "clear-dont-fragment": {
      "vipObjectType": "object",
      "vipType": "ignore",
      "vipValue": "false",
      "vipVariableName": "vpn_if_clear_dont_fragment"
    },
    "pmtu": {
      "vipObjectType": "object",
      "vipType": "ignore",
      "vipValue": "false",
      "vipVariableName": "vpn_if_pmtu"
    },
    "mtu": {
      "vipObjectType": "object",
      "vipType": "ignore",
      "vipValue": 1500,
      "vipVariableName": "vpn_if_ip_mtu"
    },
    "static-ingress-qos": {
      "vipObjectType": "object",
      "vipType": "ignore",
      "vipVariableName": "vpn_if_static_ingress_qos"
    },
    "tcp-mss-adjust": {
      "vipObjectType": "object",
      "vipType": "ignore",
      "vipVariableName": "vpn_if_tcp_mss_adjust"
    },
    "mac-address": {
      "vipObjectType": "object",
      "vipType": "ignore",
      "vipVariableName": "vpn_if_mac_address"
    },
    "speed": {
      "vipObjectType": "object",
      "vipType": "ignore",
      "vipValue": "_empty",
      "vipVariableName": "vpn_if_speed"
    },
    "duplex": {
      "vipObjectType": "object",
      "vipType": "ignore",
      "vipValue": "_empty",
      "vipVariableName": "vpn_if_duplex"
    },
    "shutdown": {
      "vipObjectType": "object",
      "vipType": "constant",
      "vipValue": "false",
      "vipVariableName": "vpn_if_shutdown"
    },
    "arp-timeout": {
      "vipObjectType": "object",
      "vipType": "ignore",
      "vipValue": 1200,
      "vipVariableName": "vpn_if_arp_timeout"
    },
    "autonegotiate": {
      "vipObjectType": "object",
      "vipType": "ignore",
      "vipValue": "true",
      "vipVariableName": "vpn_if_autonegotiate"
    },
    "shaping-rate": {
      "vipObjectType": "object",
      "vipType": "ignore",
      "vipVariableName": "qos_shaping_rate"
    },
    "qos-map": {
      "vipObjectType": "object",
      "vipType": "ignore",
      "vipVariableName": "qos_map"
    },
    "tracker": {
      "vipObjectType": "list",
      "vipType": "ignore",
      "vipVariableName": "vpn_if_tracker"
    },
    "bandwidth-upstream": {
      "vipObjectType": "object",
      "vipType": "ignore",
      "vipVariableName": "vpn_if_bandwidth_upstream"
    },
    "bandwidth-downstream": {
      "vipObjectType": "object",
      "vipType": "ignore",
      "vipVariableName": "vpn_if_bandwidth_downstream"
    },
    "block-non-source-ip": {
      "vipObjectType": "object",
      "vipType": "ignore",
      "vipValue": "false",
      "vipVariableName": "vpn_if_block_non_source_ip"
    },
    "rewrite-rule": {
      "rule-name": {
        "vipObjectType": "object",
        "vipType": "ignore",
        "vipVariableName": "rewrite_rule_name"
      }
    },
    "tloc-extension": {
      "vipObjectType": "object",
      "vipType": "ignore",
      "vipVariableName": "vpn_if_tloc_extension"
    },
    "icmp-redirect-disable": {
      "vipObjectType": "object",
      "vipType": "ignore",
      "vipValue": "false",
      "vipVariableName": "vpn_if_icmp_redirect_disable"
    },
    "tloc-extension-gre-from": {
      "src-ip": {
        "vipObjectType": "object",
        "vipType": "ignore",
        "vipVariableName": "vpn_if_tloc-ext_gre_from_src_ip"
      },
      "xconnect": {
        "vipObjectType": "object",
        "vipType": "ignore",
        "vipVariableName": "vpn_if_tloc-ext_gre_from_xconnect"
      }
    },
    "access-list": {
      "vipType": "ignore",
      "vipValue": [],
      "vipObjectType": "tree",
      "vipPrimaryKey": [
        "direction"
      ]
    },
    "policer": {
      "vipType": "ignore",
      "vipValue": [],
      "vipObjectType": "tree",
      "vipPrimaryKey": [
        "policer-name",
        "direction"
      ]
    },
    "ip-directed-broadcast": {
      "vipObjectType": "object",
      "vipType": "ignore",
      "vipValue": "false",
      "vipVariableName": "vpn_if_ip-directed-broadcast"
    },
    "ipv6": {
      "access-list": {
        "vipType": "ignore",
        "vipValue": [],
        "vipObjectType": "tree",
        "vipPrimaryKey": [
          "direction"
        ]
      },
      "address": {
        "vipObjectType": "object",
        "vipType": "ignore",
        "vipValue": "",
        "vipVariableName": "vpn_if_ipv6_ipv6_address"
      },
      "dhcp-helper-v6": {
        "vipType": "ignore",
        "vipValue": [],
        "vipObjectType": "tree",
        "vipPrimaryKey": [
          "address"
        ]
      },
      "secondary-address": {
        "vipType": "ignore",
        "vipValue": [],
        "vipObjectType": "tree",
        "vipPrimaryKey": [
          "address"
        ]
      }
    },
    "arp": {
      "ip": {
        "vipType": "ignore",
        "vipValue": [],
        "vipObjectType": "tree",
        "vipPrimaryKey": [
          "addr"
        ]
      }
    },
    "vrrp": {
      "vipType": "ignore",
      "vipValue": [],
      "vipObjectType": "tree",
      "vipPrimaryKey": [
        "grp-id"
      ]
    },
    "ipv6-vrrp": {
      "vipType": "ignore",
      "vipValue": [],
      "vipObjectType": "tree",
      "vipPrimaryKey": [
        "grp-id"
      ]
    },
    "dot1x": {
      "vipType": "ignore",
      "vipObjectType": "node-only"
    }
  },
  "templateId": "b1ff73e6-b075-4ddd-ab8b-d5d8106db3ef",
  "attachedMastersCount": 1,
  "configType": "xml",
  "createdOn": 1597904896723,
  "@rid": 520,
  "feature": "vmanage-default",
  "factoryDefault": false,
  "templateName": "Site_vEdge_VPN_1_Interface_Template",
  "createdBy": "admin",
  "devicesAttached": 3,
  "templateDescription": "Site_vEdge_VPN_1_Interface_Template",
  "lastUpdatedOn": 1597905595890
}