{
  "templateType": "vpn-vedge",
  "deviceType": [
    "vedge-cloud"
  ],
  "templateMinVersion": "15.0.0",
  "lastUpdatedBy": "admin",
  "editedTemplateDefinition": {
    "vpn-id": {
      "vipObjectType": "object",
      "vipType": "constant",
      "vipValue": 512
    },
    "name": {
      "vipObjectType": "object",
      "vipType": "constant",
      "vipValue": "Mgmt VPN",
      "vipVariableName": "vpn_name"
    },
    "ecmp-hash-key": {
      "layer4": {
        "vipObjectType": "object",
        "vipType": "ignore",
        "vipValue": "false",
        "vipVariableName": "vpn_layer4"
      }
    },
    "tcp-optimization": {
      "vipObjectType": "node-only",
      "vipType": "ignore",
      "vipValue": "false",
      "vipVariableName": "vpn_tcp_optimization"
    },
    "nat64-global": {
      "prefix": {
        "stateful": {}
      }
    },
    "nat64": {
      "v4": {
        "pool": {
          "vipType": "ignore",
          "vipValue": [],
          "vipObjectType": "tree",
          "vipPrimaryKey": [
            "name"
          ]
        }
      }
    },
    "host": {
      "vipType": "ignore",
      "vipValue": [],
      "vipObjectType": "tree",
      "vipPrimaryKey": [
        "hostname"
      ]
    },
    "service": {
      "vipType": "ignore",
      "vipValue": [],
      "vipObjectType": "tree",
      "vipPrimaryKey": [
        "svc-type"
      ]
    },
    "ip": {
      "route": {
        "vipType": "constant",
        "vipValue": [
          {
            "prefix": {
              "vipObjectType": "object",
              "vipType": "constant",
              "vipValue": "0.0.0.0/0",
              "vipVariableName": "vpn_ipv4_ip_prefix"
            },
            "next-hop": {
              "vipType": "constant",
              "vipValue": [
                {
                  "address": {
                    "vipObjectType": "object",
                    "vipType": "variableName",
                    "vipValue": "",
                    "vipVariableName": "vpn_512_next_hop_ip_address"
                  },
                  "distance": {
                    "vipObjectType": "object",
                    "vipType": "ignore",
                    "vipValue": 1,
                    "vipVariableName": "vpn_next_hop_ip_distance_0"
                  },
                  "priority-order": [
                    "address",
                    "distance"
                  ]
                }
              ],
              "vipObjectType": "tree",
              "vipPrimaryKey": [
                "address"
              ]
            },
            "priority-order": [
              "prefix",
              "next-hop"
            ]
          }
        ],
        "vipObjectType": "tree",
        "vipPrimaryKey": [
          "prefix"
        ]
      },
      "gre-route": {},
      "ipsec-route": {}
    },
    "ipv6": {},
    "omp": {
      "advertise": {
        "vipType": "ignore",
        "vipValue": [],
        "vipObjectType": "tree",
        "vipPrimaryKey": [
          "protocol"
        ]
      },
      "ipv6-advertise": {
        "vipType": "ignore",
        "vipValue": [],
        "vipObjectType": "tree",
        "vipPrimaryKey": [
          "protocol"
        ]
      }
    }
  },
  "templateDefinition": {
    "vpn-id": {
      "vipObjectType": "object",
      "vipType": "constant",
      "vipValue": 512
    },
    "name": {
      "vipObjectType": "object",
      "vipType": "constant",
      "vipValue": "Mgmt VPN",
      "vipVariableName": "vpn_name"
    },
    "ecmp-hash-key": {
      "layer4": {
        "vipObjectType": "object",
        "vipType": "ignore",
        "vipValue": "false",
        "vipVariableName": "vpn_layer4"
      }
    },
    "tcp-optimization": {
      "vipObjectType": "node-only",
      "vipType": "ignore",
      "vipValue": "false",
      "vipVariableName": "vpn_tcp_optimization"
    },
    "nat64-global": {
      "prefix": {
        "stateful": {}
      }
    },
    "nat64": {
      "v4": {
        "pool": {
          "vipType": "ignore",
          "vipValue": [],
          "vipObjectType": "tree",
          "vipPrimaryKey": [
            "name"
          ]
        }
      }
    },
    "host": {
      "vipType": "ignore",
      "vipValue": [],
      "vipObjectType": "tree",
      "vipPrimaryKey": [
        "hostname"
      ]
    },
    "service": {
      "vipType": "ignore",
      "vipValue": [],
      "vipObjectType": "tree",
      "vipPrimaryKey": [
        "svc-type"
      ]
    },
    "ip": {
      "route": {
        "vipType": "constant",
        "vipValue": [
          {
            "prefix": {
              "vipObjectType": "object",
              "vipType": "constant",
              "vipValue": "0.0.0.0/0",
              "vipVariableName": "vpn_ipv4_ip_prefix"
            },
            "next-hop": {
              "vipType": "constant",
              "vipValue": [
                {
                  "address": {
                    "vipObjectType": "object",
                    "vipType": "variableName",
                    "vipValue": "",
                    "vipVariableName": "vpn_512_next_hop_ip_address"
                  },
                  "distance": {
                    "vipObjectType": "object",
                    "vipType": "ignore",
                    "vipValue": 1,
                    "vipVariableName": "vpn_next_hop_ip_distance_0"
                  },
                  "priority-order": [
                    "address",
                    "distance"
                  ]
                }
              ],
              "vipObjectType": "tree",
              "vipPrimaryKey": [
                "address"
              ]
            },
            "priority-order": [
              "prefix",
              "next-hop"
            ]
          }
        ],
        "vipObjectType": "tree",
        "vipPrimaryKey": [
          "prefix"
        ]
      },
      "gre-route": {},
      "ipsec-route": {}
    },
    "ipv6": {},
    "omp": {
      "advertise": {
        "vipType": "ignore",
        "vipValue": [],
        "vipObjectType": "tree",
        "vipPrimaryKey": [
          "protocol"
        ]
      },
      "ipv6-advertise": {
        "vipType": "ignore",
        "vipValue": [],
        "vipObjectType": "tree",
        "vipPrimaryKey": [
          "protocol"
        ]
      }
    }
  },
  "templateId": "8a9cdfa9-ec75-44fc-a118-d35431de52ba",
  "attachedMastersCount": 1,
  "configType": "xml",
  "createdOn": 1597904897408,
  "@rid": 525,
  "feature": "vmanage-default",
  "factoryDefault": false,
  "templateName": "Site_vEdge_VPN_512_Template",
  "createdBy": "admin",
  "devicesAttached": 3,
  "templateDescription": "Site_vEdge_VPN_512_Template",
  "lastUpdatedOn": 1597905425214
}