{
  "definitionId": "764db7b3-ae93-482c-a156-8a0e24f8cde0",
  "name": "MESH_Topology",
  "type": "mesh",
  "description": "MESH_Topology",
  "definition": {
    "vpnList": "a195bb7c-db87-4f80-9de2-645d8c5175b3",
    "regions": [
      {
        "name": "CORP",
        "siteLists": [
          "81c7a779-3020-409b-84fa-1969061910fa",
          "c57b91f0-fe13-4857-810a-18f6a4091ca0"
        ]
      }
    ]
  },
  "lastUpdated": 1597915422879,
  "owner": "admin",
  "infoTag": "",
  "referenceCount": 1,
  "references": [
    {
      "id": "48c07fbb-064b-41e7-9c9f-14fdcad2f756"
    }
  ],
  "activatedId": [
    "48c07fbb-064b-41e7-9c9f-14fdcad2f756"
  ],
  "isActivatedByVsmart": true
}