{
  "definitionId": "d0a06942-3ef4-4fab-98c0-8a1d98b61b01",
  "name": "HubAndSpoke",
  "type": "hubAndSpoke",
  "description": "HubAndSpoke",
  "definition": {
    "vpnList": "a195bb7c-db87-4f80-9de2-645d8c5175b3",
    "subDefinitions": [
      {
        "name": "My Hub-and-Spoke",
        "equalPreference": true,
        "advertiseTloc": false,
        "spokes": [
          {
            "siteList": "81c7a779-3020-409b-84fa-1969061910fa",
            "hubs": [
              {
                "siteList": "c57b91f0-fe13-4857-810a-18f6a4091ca0",
                "prefixLists": [],
                "ipv6PrefixLists": []
              }
            ]
          }
        ]
      }
    ]
  },
  "lastUpdated": 1597910177246,
  "owner": "admin",
  "infoTag": "",
  "referenceCount": 0,
  "references": [],
  "isActivatedByVsmart": false
}