{
  "listId": "a195bb7c-db87-4f80-9de2-645d8c5175b3",
  "name": "Service_VPN_List",
  "type": "vpn",
  "description": "Desc Not Required",
  "entries": [
    {
      "vpn": "1"
    }
  ],
  "lastUpdated": 1597909484017,
  "owner": "admin",
  "readOnly": false,
  "version": "0",
  "infoTag": "",
  "referenceCount": 4,
  "references": [
    {
      "id": "48c07fbb-064b-41e7-9c9f-14fdcad2f756",
      "type": ""
    },
    {
      "id": "48c07fbb-064b-41e7-9c9f-14fdcad2f756",
      "type": ""
    },
    {
      "id": "764db7b3-ae93-482c-a156-8a0e24f8cde0",
      "type": "mesh"
    },
    {
      "id": "d0a06942-3ef4-4fab-98c0-8a1d98b61b01",
      "type": "hubAndSpoke"
    }
  ],
  "activatedId": [
    "48c07fbb-064b-41e7-9c9f-14fdcad2f756"
  ],
  "isActivatedByVsmart": true
}