{
  "header": {
    "generatedOn": 1598027105719,
    "columns": [
      {
        "property": "csv-status",
        "title": "Status",
        "toolTip": "Input status",
        "hideable": false,
        "dataType": "string",
        "editable": false,
        "isDisplay": true,
        "isLeftPinned": true,
        "minWidth": 30,
        "width": 30,
        "display": "icon",
        "iconProperty": "csv-status",
        "icon": [
          {
            "key": "complete",
            "value": "images/template_complete.png"
          },
          {
            "key": "in_complete",
            "value": "images/template_in_complete.png"
          }
        ]
      },
      {
        "property": "csv-deviceId",
        "title": "Chassis Number",
        "toolTip": "UUID: csv-deviceId",
        "hideable": false,
        "dataType": "string",
        "editable": false,
        "isDisplay": true,
        "isLeftPinned": true,
        "objectType": "object",
        "templateType": "None",
        "values": false,
        "optional": false,
        "width": 280
      },
      {
        "property": "csv-deviceIP",
        "title": "System IP",
        "toolTip": "Device IP: csv-deviceIP",
        "hideable": false,
        "dataType": "string",
        "editable": false,
        "isDisplay": true,
        "isLeftPinned": true,
        "objectType": "object",
        "templateType": "None",
        "values": false,
        "optional": false,
        "width": 100
      },
      {
        "property": "csv-host-name",
        "title": "Hostname",
        "toolTip": "Host name: csv-host-name",
        "hideable": false,
        "dataType": "string",
        "editable": false,
        "isDisplay": true,
        "isLeftPinned": true,
        "objectType": "object",
        "templateType": "None",
        "values": false,
        "optional": false,
        "width": 180
      },
      {
        "property": "/1/ge0/2/interface/ip/address",
        "title": "IPv4 Address(vpn_1_if_ipv4_address)",
        "toolTip": "Assign IPv4 address: /1/ge0/2/interface/ip/address",
        "hideable": false,
        "dataType": "ipv4-prefix",
        "editable": true,
        "isDisplay": true,
        "isLeftPinned": false,
        "objectType": "object",
        "templateType": "vpn-vedge-interface",
        "values": false,
        "optional": false,
        "width": 100
      },
      {
        "property": "/512/vpn-instance/ip/route/0.0.0.0/0/next-hop/vpn_512_next_hop_ip_address/address",
        "title": "Address(vpn_512_next_hop_ip_address)",
        "toolTip": "IP Address: /512/vpn-instance/ip/route/0.0.0.0/0/next-hop/vpn_512_next_hop_ip_address/address",
        "hideable": false,
        "dataType": "string",
        "editable": true,
        "isDisplay": true,
        "isLeftPinned": false,
        "objectType": "object",
        "templateType": "vpn-vedge",
        "values": false,
        "optional": false,
        "width": 100
      },
      {
        "property": "/512/eth0/interface/ip/address",
        "title": "IPv4 Address(vpn_512_if_ipv4_address)",
        "toolTip": "Assign IPv4 address: /512/eth0/interface/ip/address",
        "hideable": false,
        "dataType": "ipv4-prefix",
        "editable": true,
        "isDisplay": true,
        "isLeftPinned": false,
        "objectType": "object",
        "templateType": "vpn-vedge-interface",
        "values": false,
        "optional": false,
        "width": 100
      },
      {
        "property": "/0/vpn-instance/ip/route/0.0.0.0/0/next-hop/mpls_next_hop/address",
        "title": "Address(mpls_next_hop)",
        "toolTip": "IP Address: /0/vpn-instance/ip/route/0.0.0.0/0/next-hop/mpls_next_hop/address",
        "hideable": false,
        "dataType": "string",
        "editable": true,
        "isDisplay": true,
        "isLeftPinned": false,
        "objectType": "object",
        "templateType": "vpn-vedge",
        "values": false,
        "optional": false,
        "width": 100
      },
      {
        "property": "/0/vpn-instance/ip/route/0.0.0.0/0/next-hop/public_internet_next_hop/address",
        "title": "Address(public_internet_next_hop)",
        "toolTip": "IP Address: /0/vpn-instance/ip/route/0.0.0.0/0/next-hop/public_internet_next_hop/address",
        "hideable": false,
        "dataType": "string",
        "editable": true,
        "isDisplay": true,
        "isLeftPinned": false,
        "objectType": "object",
        "templateType": "vpn-vedge",
        "values": false,
        "optional": false,
        "width": 100
      },
      {
        "property": "/0/ge0/0/interface/ip/address",
        "title": "IPv4 Address(vpn_public_interface_if_ipv4_address)",
        "toolTip": "Assign IPv4 address: /0/ge0/0/interface/ip/address",
        "hideable": false,
        "dataType": "ipv4-prefix",
        "editable": true,
        "isDisplay": true,
        "isLeftPinned": false,
        "objectType": "object",
        "templateType": "vpn-vedge-interface",
        "values": false,
        "optional": false,
        "width": 100
      },
      {
        "property": "/0/ge0/1/interface/ip/address",
        "title": "IPv4 Address(vpn_mpls_if_ipv4_address)",
        "toolTip": "Assign IPv4 address: /0/ge0/1/interface/ip/address",
        "hideable": false,
        "dataType": "ipv4-prefix",
        "editable": true,
        "isDisplay": true,
        "isLeftPinned": false,
        "objectType": "object",
        "templateType": "vpn-vedge-interface",
        "values": false,
        "optional": false,
        "width": 100
      },
      {
        "property": "//system/host-name",
        "title": "Hostname(system_host_name)",
        "toolTip": "Set the hostname: //system/host-name",
        "hideable": false,
        "dataType": "string",
        "editable": true,
        "isDisplay": true,
        "isLeftPinned": false,
        "objectType": "object",
        "templateType": "system-vedge",
        "values": false,
        "optional": false,
        "width": 100
      },
      {
        "property": "//system/gps-location/latitude",
        "title": "Latitude(system_latitude)",
        "toolTip": "Set the device\ufffd\ufffd\ufffds physical latitude: //system/gps-location/latitude",
        "hideable": false,
        "dataType": "number",
        "editable": true,
        "isDisplay": true,
        "isLeftPinned": false,
        "objectType": "object",
        "templateType": "system-vedge",
        "values": false,
        "optional": false,
        "width": 100
      },
      {
        "property": "//system/gps-location/longitude",
        "title": "Longitude(system_longitude)",
        "toolTip": "Set the device\ufffd\ufffd\ufffds physical longitude: //system/gps-location/longitude",
        "hideable": false,
        "dataType": "number",
        "editable": true,
        "isDisplay": true,
        "isLeftPinned": false,
        "objectType": "object",
        "templateType": "system-vedge",
        "values": false,
        "optional": false,
        "width": 100
      },
      {
        "property": "//system/system-ip",
        "title": "System IP(system_system_ip)",
        "toolTip": "Set the system IP address: //system/system-ip",
        "hideable": false,
        "dataType": "string",
        "editable": true,
        "isDisplay": true,
        "isLeftPinned": false,
        "objectType": "object",
        "templateType": "system-vedge",
        "values": false,
        "optional": false,
        "width": 100
      },
      {
        "property": "//system/site-id",
        "title": "Site ID(system_site_id)",
        "toolTip": "Set the site identifier: //system/site-id",
        "hideable": false,
        "dataType": "number",
        "editable": true,
        "isDisplay": true,
        "isLeftPinned": false,
        "objectType": "object",
        "templateType": "system-vedge",
        "values": false,
        "optional": false,
        "width": 100
      }
    ],
    "templateVariableCount": 12,
    "fields": {}
  },
  "data": [
    {
      "csv-status": "complete",
      "csv-deviceId": "72174714-9da3-d5ce-ece9-e421fd93ee9a",
      "csv-deviceIP": "3.1.1.1",
      "csv-host-name": "Site-300-vEdge-01",
      "/1/ge0/2/interface/ip/address": "192.168.3.254/24",
      "/512/vpn-instance/ip/route/0.0.0.0/0/next-hop/vpn_512_next_hop_ip_address/address": "192.168.1.254",
      "/512/eth0/interface/ip/address": "192.168.1.103/24",
      "/0/vpn-instance/ip/route/0.0.0.0/0/next-hop/mpls_next_hop/address": "172.16.1.17",
      "/0/vpn-instance/ip/route/0.0.0.0/0/next-hop/public_internet_next_hop/address": "200.200.100.17",
      "/0/ge0/0/interface/ip/address": "200.200.100.18/30",
      "/0/ge0/1/interface/ip/address": "172.16.1.18/30",
      "//system/host-name": "Site-300-vEdge-01",
      "//system/gps-location/latitude": "35.1",
      "//system/gps-location/longitude": "-42.32",
      "//system/system-ip": "3.1.1.1",
      "//system/site-id": "300"
    },
    {
      "csv-status": "complete",
      "csv-deviceId": "07df7bb1-5514-af37-9168-39b169bfc65f",
      "csv-deviceIP": "5.1.1.1",
      "csv-host-name": "Site-500-vEdge-01",
      "/1/ge0/2/interface/ip/address": "192.168.5.254/24",
      "/512/vpn-instance/ip/route/0.0.0.0/0/next-hop/vpn_512_next_hop_ip_address/address": "192.168.1.254",
      "/512/eth0/interface/ip/address": "192.168.1.105/24",
      "/0/vpn-instance/ip/route/0.0.0.0/0/next-hop/mpls_next_hop/address": "172.16.1.5",
      "/0/vpn-instance/ip/route/0.0.0.0/0/next-hop/public_internet_next_hop/address": "200.200.100.5",
      "/0/ge0/0/interface/ip/address": "200.200.100.6/30",
      "/0/ge0/1/interface/ip/address": "172.16.1.6/30",
      "//system/host-name": "Site-500-vEdge-01",
      "//system/gps-location/latitude": "35.1",
      "//system/gps-location/longitude": "-42.32",
      "//system/system-ip": "5.1.1.1",
      "//system/site-id": "500"
    },
    {
      "csv-status": "complete",
      "csv-deviceId": "cc3319a6-92bc-3b0f-d822-c0b037d4384c",
      "csv-deviceIP": "4.1.1.1",
      "csv-host-name": "Site-400-vEdge-01",
      "/1/ge0/2/interface/ip/address": "192.168.4.254/24",
      "/512/vpn-instance/ip/route/0.0.0.0/0/next-hop/vpn_512_next_hop_ip_address/address": "192.168.1.254",
      "/512/eth0/interface/ip/address": "192.168.1.104/24",
      "/0/vpn-instance/ip/route/0.0.0.0/0/next-hop/mpls_next_hop/address": "172.16.1.13",
      "/0/vpn-instance/ip/route/0.0.0.0/0/next-hop/public_internet_next_hop/address": "200.200.100.13",
      "/0/ge0/0/interface/ip/address": "200.200.100.14/30",
      "/0/ge0/1/interface/ip/address": "172.16.1.14/30",
      "//system/host-name": "Site-400-vEdge-01",
      "//system/gps-location/latitude": "35.1",
      "//system/gps-location/longitude": "-42.32",
      "//system/system-ip": "4.1.1.1",
      "//system/site-id": "400"
    }
  ]
}