{
  "definitionId": "955b16f5-c60b-40f7-9e1a-dc80c909fda2",
  "name": "MS-Teams-AAR-Policy",
  "type": "appRoute",
  "description": "MS-Teams-AAR-Policy",
  "sequences": [
    {
      "sequenceId": 1,
      "sequenceName": "App Route",
      "sequenceType": "appRoute",
      "sequenceIpType": "ipv4",
      "match": {
        "entries": [
          {
            "field": "appList",
            "ref": "6ad2b59e-1f27-40fe-bb28-33e957d37b40"
          }
        ]
      },
      "actions": [
        {
          "type": "slaClass",
          "parameter": [
            {
              "field": "name",
              "ref": "1a560ee0-9775-4dbb-b850-6d5e0d641c24"
            },
            {
              "field": "preferredColor",
              "value": "mpls"
            }
          ]
        }
      ]
    }
  ],
  "lastUpdated": 1597910527343,
  "owner": "admin",
  "infoTag": "",
  "referenceCount": 1,
  "references": [
    {
      "id": "48c07fbb-064b-41e7-9c9f-14fdcad2f756"
    },
    {
      "id": "48c07fbb-064b-41e7-9c9f-14fdcad2f756"
    }
  ],
  "activatedId": [
    "48c07fbb-064b-41e7-9c9f-14fdcad2f756"
  ],
  "isActivatedByVsmart": true
}