{
  "listId": "f122f5f0-1702-4b34-8922-2da9461491bb",
  "name": "amazon_aws_apps",
  "type": "app",
  "description": "SaaS App List for Amazon AWS",
  "entries": [
    {
      "app": "amazon"
    },
    {
      "app": "amazon-web-services"
    },
    {
      "app": "amazon-instant-video"
    },
    {
      "app": "amazon-cloudfront"
    },
    {
      "app": "amazon-ec2"
    },
    {
      "app": "amazon-s3"
    }
  ],
  "lastUpdated": 1597898811536,
  "owner": "system",
  "readOnly": true,
  "version": "3.0",
  "infoTag": "",
  "referenceCount": 0,
  "references": [],
  "isActivatedByVsmart": false
}