{
  "listId": "fe37582d-358e-471f-8f38-beeecc1f58dd",
  "name": "AWS_Apps",
  "type": "app",
  "description": "Desc Not Required",
  "entries": [
    {
      "app": "amazon-s3"
    },
    {
      "app": "amazon-s3"
    },
    {
      "app": "amazon-web-services"
    },
    {
      "app": "amazon-instant-video"
    },
    {
      "app": "amazon-cloudfront"
    },
    {
      "app": "amazon-ec2"
    }
  ],
  "lastUpdated": 1598022833773,
  "owner": "system",
  "readOnly": false,
  "version": "0",
  "infoTag": "",
  "referenceCount": 0,
  "references": [],
  "isActivatedByVsmart": false
}