{
  "listId": "6ad2b59e-1f27-40fe-bb28-33e957d37b40",
  "name": "Microsoft_Teams_App",
  "type": "app",
  "description": "Desc Not Required",
  "entries": [
    {
      "app": "ms-services"
    },
    {
      "app": "ms-teams"
    },
    {
      "app": "ms-teams-audio"
    },
    {
      "app": "ms-teams-media"
    }
  ],
  "lastUpdated": 1598022835119,
  "owner": "system",
  "readOnly": false,
  "version": "0",
  "infoTag": "",
  "referenceCount": 1,
  "references": [
    {
      "id": "955b16f5-c60b-40f7-9e1a-dc80c909fda2",
      "type": "appRoute"
    }
  ],
  "activatedId": [
    "48c07fbb-064b-41e7-9c9f-14fdcad2f756"
  ],
  "isActivatedByVsmart": true
}