{
  "listId": "8eb2568a-acb0-43d7-a501-dfa944b895aa",
  "name": "oracle_apps",
  "type": "app",
  "description": "SaaS App List for Oracle",
  "entries": [
    {
      "app": "oracle"
    },
    {
      "app": "oracle-bi"
    },
    {
      "app": "oracle-ebsuite-unsecured"
    },
    {
      "app": "oracle-sqlnet"
    },
    {
      "app": "oraclenames"
    },
    {
      "app": "oraclenet8cman"
    }
  ],
  "lastUpdated": 1597898813018,
  "owner": "system",
  "readOnly": true,
  "version": "3.1",
  "infoTag": "",
  "referenceCount": 0,
  "references": [],
  "isActivatedByVsmart": false
}