{
  "policyDefinition": {
    "assembly": [
      {
        "definitionId": "764db7b3-ae93-482c-a156-8a0e24f8cde0",
        "type": "mesh"
      },
      {
        "definitionId": "955b16f5-c60b-40f7-9e1a-dc80c909fda2",
        "type": "appRoute",
        "entries": [
          {
            "siteLists": [
              "81c7a779-3020-409b-84fa-1969061910fa",
              "c57b91f0-fe13-4857-810a-18f6a4091ca0"
            ],
            "vpnLists": [
              "a195bb7c-db87-4f80-9de2-645d8c5175b3"
            ]
          }
        ]
      }
    ]
  },
  "policyType": "feature",
  "policyName": "vEdge-VPN-Policy",
  "policyDescription": "vEdge-VPN-Policy",
  "isPolicyActivated": true
}