{
  "listId": "1a560ee0-9775-4dbb-b850-6d5e0d641c24",
  "name": "Voice-And-Video",
  "type": "sla",
  "description": "ACI Voice And Video SLA",
  "entries": [
    {
      "jitter": "100",
      "latency": "45",
      "loss": "2"
    }
  ],
  "lastUpdated": 1597898809085,
  "owner": "system",
  "readOnly": false,
  "version": "1.0",
  "infoTag": "aci",
  "referenceCount": 1,
  "references": [
    {
      "id": "955b16f5-c60b-40f7-9e1a-dc80c909fda2",
      "type": "appRoute"
    }
  ],
  "activatedId": [
    "48c07fbb-064b-41e7-9c9f-14fdcad2f756"
  ],
  "isActivatedByVsmart": true
}